block_test.f,.199577356
average.f95,17.808191808
linear_equations.f95,7.291450263
block_test.f08,.190816372
Example 1_16_factorial_recursion.f08,.288755332
Example 3_4.f08,4.020805847
example_p203_default_initialization.f08,.477198029
example_p211_submod.f08,.562015026
exercise_2_6_8err.f08,.091269986
Exercise 3_6_1.f08,9.707027228
test_swap_arrays.f08,5.117969980
