BasicVariables.f90,.198453752
Bubble_sort.f90,1.312241227
Caesar.f90,7.003837186
Factorial_int.f90,5.994947145
Fibonacci.f90,1.389856993
Fibonacci_recursive.f90,3.059718824
FizzBuzz_v1_count.f90,3.067007263
Sin.f90,.270846455
TempConverter.f90,1.471323926
